Name,Price
Cheapest Notebook Computer Rugged 14.1 Inch Business Wireless Laptop,
Touchthink j1900 core i5 10th i7 cpu quad core 6 com rs485/rs232 embedded fanless mini pc industrial computer,
JW J4105T Intel Motherboard for ALL IN ONE PC Computer,
Computer HLY NUC Mini PC Core I7 4500U I5 4200U I3 4010U Win10 Linux HD VGA 300M WiFi Barebone Minipc Desktop Computer,$213.90-$357.60
Interactive whiteboard touch display screen all in one computer for multimedia classroom,
Computer Motherboard With H510I Core I7/Core I5/Core I3/Pentium/Celeron Computer Motherboard Motherboard Combo,
Game Desktop Host Core I5 2400/3470 CPU 8G RAM 120GB 256GB 512GB SSD Power Supply PC Gaming Desktop Computer,
15.6 Inch Intel I3 N4000 J4125 Wins10 Netbook 8gb Rom 256gb Ram Laptop Computer Notebook With Tf Slot External 128gb,
Wholesale Used Computer Laptop X220 Core I5 12.5inch Gaming Second Hand Laptop Thinkpad 90% New Notebook Computer,
cheap price build in camera monoblock i3 i5 i7 22'' 24'' barebone desktop computer,$98.82-$116.64
Wholesale intel i5 i7 refurbished original used 2021 laptop and cheap computer,
2021 Best Selling Laptop Notebook Tablet PC Lowest Price Laptop 14Inch Intel Core N3350 6GB 64GB Mini Laptop Computer,$190.00-$203.00
Low power consumption fanless mini pc window10 micro personal desktop computer for office home education,
Cheap Price Quad Core P8400 4gb 320gb X200 Second Hand Dual Graphics Computer Refurbish 12.1 Inch Laptops For Lenovo Thinkpad,
desktop computer all in oneps 23.8 inch pc all-in-one desktop computer i7 all-in-one ssd 4k desktop pc all in one,
Industrial Cheap Core i3/i5/i7/i9 SSD+HDD 1T/2T 19 inch OEM Desktop gamer gaming Computer all in one computer pc in desktop,
Core I7 10th Gen Cheap Gaming Laptop 15.6 Inch Laptop I5 16GB 1TB Ssd Win10 Notebooks Laptop Computer,
Mini pc factory Latest cheap price dual complete mini pc computer office gaming desktop computer pc set,
LAIWIIT Mini HTPC mini PC Core i7 8gb mini pc 4gb graphics computer,
3th-10th Gen OPS Computer whiteboard ops pc for benq rp smart classroom solution 1900/ I3/I5/I7 CPU OPS computer,
cheap AIO office school PC all in one computer Core i3i5i7 19 inch,
"Cheapest 23""27""43""49inch WIFI/3G/4G multi-media smart touch screen monitor computer all-in-one pc with I3/15/17 CPU",
"18.5"" 21.5"" 23.6 inch In-tel Core I5 all in one desktop computer monoblock computer",
RJ45 100/1000Mbps Gigabit Lan 8 inch tablet pc industrial tablet desktop Windows 10 Pocket Computer Mini PC,
Micro quad core system unit desktop celeron J1900 mini computer pc,$86.90-$97.90
HLY i5 7267U 4200Y 4GB RAM 120GB SSD VGA WiFi office use Small Tower Desktop computer i3 i7 Mini PC for Win10,$191.30-$295.00
2021 Newest Gaming computer ALIENWAREs 3060 i7 11th laptop M15-R6 15.6 Inch computer for game,
High Quality Second Hand Laptops Computers i7 Wholesale Refurbished Laptops,
2022 in stock New Design thin laptop computer light weight and slim low price laptop 15.6 inch 14 inch with fast shipping,
RGeek Custom OEM Desktop Computer J1900 Mini PC ITX PC,
15.6 inch Laptop 10th Intel celeron Processor J4125 Quad cores Wins 10 laptop Computer,
XINZY aio desktop laptop computer monoblock all in one pc for office desktop all in one computers,$250.00-$380.00
JCVISION Cheapest Used Gaming Netbooks i7 Laptops Computer 15.6 pc Laptops Used Refurbished,
"Promotion Cheap HPC156 15.6 inch Ultrabook Laptop, 4GB+64GB, Intel X5-N3350 Quad Core Up to 1.92Ghz Cheap Laptop Computer",
China New Computadoras Manufacturer 15.6 Inch Fhd Slim Notebook Ram 8gb + 256gb Rom Win10 Intel I7 Core Laptop Computer,
9.7 inch all in one pc mini industrial computer linux i3 i5 i7 with high brightness mini computer,
Vga/hd port and AMD R5 3400G Desktop computer,
"Refurbished Office Used Laptop 14"" Core i5 8G RAM 256G SSD Business Gaming Second Hand Notebook Computer for Dell E5480",
Getac optional 4G LTE laptop computer S410,
2022 New OEM Thin Laptop 11.6 inch 4+64/128G n4020 Win10 Quad Core Notebook Laptop Computer Black best price from China,
Name,Price
Cheapest Notebook Computer Rugged 14.1 Inch Business Wireless Laptop,
Touchthink j1900 core i5 10th i7 cpu quad core 6 com rs485/rs232 embedded fanless mini pc industrial computer,
JW J4105T Intel Motherboard for ALL IN ONE PC Computer,
Computer HLY NUC Mini PC Core I7 4500U I5 4200U I3 4010U Win10 Linux HD VGA 300M WiFi Barebone Minipc Desktop Computer,$213.90-$357.60
Interactive whiteboard touch display screen all in one computer for multimedia classroom,
Computer Motherboard With H510I Core I7/Core I5/Core I3/Pentium/Celeron Computer Motherboard Motherboard Combo,
15.6 Inch Intel I3 N4000 J4125 Wins10 Netbook 8gb Rom 256gb Ram Laptop Computer Notebook With Tf Slot External 128gb,
Laptop gaming pavilion business notebook computer i7 high quality intel core with i9 cheap RTX3060 3070 gaming laptop,
Wholesale 15.6inch OEM economic computer Portable Core i7 5500U laptop used,
Best-selling Laptop with I7 Processor 9th Gen 16GB+1TB 15.6 Inch Laptop Computer,
OneGX1 Pro Mini Gaming Laptop 7 inch Intel I7-1160G7 16G RAM 512G PICe SSD IPS WiFi SIM 4G/5G Win10 Portable Notebook Computer,"$1,288.00-$1,678.00"
2021 NEW Super Thin computer all-in-one pc 23.8inch HD screen back light business all in one pc desktop support,
Gaming PC Desktop AMD Ryzen-R5 5600G 8GB DDR4 3200MHz 250GB SSD Pc Gamer Windows 10 pro key all in one computer,
Mini Pocket Notebook Computer 7 Inch 8GB RAM 128GB 256GB ROM Netbooks Touch Screen Laptop Tablet PC,
15.6 inch Gaming Laptop Computer i3 i5 i7 Ddr 128GB 256GB Hardware CPU J3455 Wins10 Windows 11 Notebook with Keyboard,
Cheap wholesale Different brands i3 i5 i7 i9 second hand used laptop used computers and laptops,
Wholesale Cheap 2 in 1 128G laptop gaming computer for sale cheap,
Good quantity Metal Computers Original Price A SUS ROG Zephyrus Duo 15 Gaming Laptop 15 Core i9-10980H RTX 3080 SUPER 2TB SSD 32,
2021 One Netbook One Mix 3S Pocket PC 16GB/512GB PCI-E SSD 8.4 inch Handheld Game Notebook Computer,
New design Wholesale 15.6 inch laptop Intel Core i7 5500U computer Intel Celeron J4115 Quad core business gaming notebook,
23.8 inch pc gaming 1920*1080 HD I7 i5 i3 personal desktop computer used all in one gaming pc,
Desktop Computer 8th 10th Gen 4 Cores Cpu 16gb DDR4 Ram I3 I5 I7 Mini Pc,
23.6 inch curved screen high quality aio desktop monoblock computer factory price all in one pc computer,
Suitable for 4340s 13.3 inch notebook computer 3rd generation Intel Core i5 portable thin and light commercial home notebook sec,
Desktops Embedded Sim Card Computer I7 Desktop Quad Core Mini Pc Intel with Wifi,$79.00-$89.00
Amazon best seller For Win 10 2GB DDR3 32 GB Z8350 14.1 inch notebook Laptop Computer,$150.00-$160.00
15.6 inch i7 Gaming Laptops With 8G RAM 1TB 512G 256G 128G SSD Slimbook Win10 Notebook Computer,$390.00-$450.00
AWOW 11.6 Inch FHD IPS N4100 Yoga Computer Hardware Laptop Notebook Cheap Mini PC Komputer Usados Laptop,$260.00-$289.00
Hot Sell Original Computer 16 inch 2.5k 2560x1600 uhd resolution 16:10 display Windows 10 core i7 10th gen buy online laptop,$205.00-$450.00
Hot Selling DDR3 4GB RAM 128GB SSD Wifi Android OPS Computer Cheap Mini PC Computer,$148.00-$159.00
Wholesale intel i5 i7 refurbished original used laptop and cheap computer,$50.00-$100.00
Wholesale used laptops second hand computers with charger and box original unlocked for MD760B Apple Macbook,"$299.00-$1,099.00"
Ge-force Official computer 15.4inc 512g discrete graphics card 100%new,
2021 Best sell 14 inch laptop 6G memory 120G solid state drive used notebook Computer,
Wholesale price original brand new 14 inch Lenovo Thinkpad T440 Laptop computer,
JCVISION Cheapest Used Gaming Netbooks i7 Laptops Computer 15.6 pc Laptops Used Refurbished,
2022 Cheap oem notebook Laptops 14inch Win 11 6gb Ram 64gb Gaming Computer for For Students,$148.00-$157.00
Large Capacity i5-11500T Dell Desktop Pc All In One Computer,
Best Computer Laptop Home Slim Laptop Computer Custom Laptop 14.1 Inch Mini Notebook Quad Core Processor,
"Cheap price 15.6"" 18.5"" 21.5"" all-in-one pc Gaming Desktop Computer All in One wall mount J1900 I3 I5 I7 Touch Screen pc",
Wholesale quality 14 inch 12GB 2GHZ 4 core 3000*2000 laptop notebook mini computer laptop,
OEM 27 inch all in one pc i7 3rd gen RAM 8G SSD 256gb AIO pc computer hardware monitor all in one pc 27 inch i7-10700,
17.3 inch Intel i7 7700HQ 4 cores 8 threads GTX 1060 GDDR5 6G Backlit Keyboard 1920*1080 FHD Gaming Laptop Computer,"$899.00-$1,299.00"
2022 Hot New Products for Apple Slim FHD 1920*1080 Z8350 DDR 4GB 64GB15.6 inch touch screen Laptop Computer,$280.00
SNY C01 Glass computer case pc case gaming with RGB Fans,
Dell optiplex 5270 all in one computers,
Retail Cash Register With Computer Tablet For Restaurant Scanner Touch Screen All In One Microsoft Pos System,
New Upgrade Fast Processing Speed USB 3.0 Transmission Thin Laptop PC 15.6 inch 8GB Notebook Computer 15.6'' Inch Laptop,$250.00-$397.00
2021 New Arrivals Hot Selling Blackview ACEBOOK 1 Laptop 14 Inch 1920x1080 Display Dual Band WiF Notebook PC Computer,
15.6 inch Super light plastic shell business win10 system office network notebook gaming laptops computer,$100.00-$215.00
Core CPU i3 i5 i7 i9 AIO 24 INCH Curved surface gaming laptop Barebore pc all in one computers,$485.00-$510.00
"Factory cost ,PayPal Accepted, T11 Z8350 4/32GB mini pc computer",$44.00-$50.00
15.6 Inch Slim Laptop Intel Core i7 Gaming Laptop Computer With backlit keyboard Netbook,$270.00-$284.00
Cheapest Students Laptop Pc Touchscreen Laptops Notebook Computer 14 Inch Tablet Win 10,$174.00-$201.00
Bulk Gaming Laptop Computer Used Laptop 15.6 inch intel core i5 i7 i9,$50.00-$100.00
UHD Graphics N5105 Processors Win10 Laptop Computer 14.1 Business Notebook Silver Laptop.,$309.00-$341.00
Durable Quality 23.6 Inch Lcd I5 4200 All In One Pc Computer For Apple Desktop,
cheap computers OEM 11.6inch 8GB RAM labtop computer,
DESKTOP COMPUTERS,
The new 2021 New office computer design core i3 i5 i7 low power mini PC for school,
2022 New 17 Inch Panel Touch Screen PC LCD Touch Screen Monitor Touch Screen computer For Industry,
Most Popular High Quality atx computer game pc case Computer Case & Towers CPU Cabinet,
OEM Customized Small Sheet Metal Computer Case Aluminum CNC Desktop PC Mini Cases,
27 inch AIO PC desktop computer for home or officeHigh quality all in one pc touchscreen All-in-one HD LCD computer,
Gaming PC Computer -Ryzen 5 3600 GTX 1650 Super B450 16GB Memory- 500GB SSD - Desktop Computer WiFi Ready & Win 10 Pro Aio pc,
New Thin 15 6 Inch Mini PC Notebook Quad Core i5-10210U 10th 8GB 128GB Win10 Laptop Computer for learning gaming working,
"Factory price China computer included monoblock i3 i5 i7 OEM 18.5"" 21.5"" 23.6"" 27"" all in one desktop computer all-in-one PC",$500.00-$530.00
Gaming core i5 i7 11th gen 15.6 inch win 10 DDR4 8GB 16GB 32GB notebook laptop computer,$540.00-$594.00
Low price new oem odm notebook 14 inch netbook computer 6GB DDR4 customized logo mini book win10 cheapest super slim laptops pc,
Hot Sale DELL OptiPlexl Precision Workstation 3080 graphic desktop computer,
FUNHOUSE DIY Desktop intel i5 11th 11260H GTX1650 16G RAM 480G SSD Gaming PC Desktop computer,$419.00-$729.00
Cost-effective T8U 5W ultra low power intel Z8350 2gb 32gb mini pc portable office desktop computer W8 PRO,
17 inch gaming laptop business notebook computer i3 i5 i7 laptop notebook PC,$200.00-$210.00
Cheapest laptop OEM 15.6-inch Core i5 i7 8+128GB/256G/512G SSD gaming laptop Educational laptop computer,$215.00-$230.00
Amazon best seller For Win 10 2GB DDR3 32 GB Z8350 14.1 inch notebook Laptop Computer,$150.00-$160.00
Ultra Small Low Power Consumption Intel Celeron j1900 quad core Linux Mini PC computer,
24 inch ordinateur All in one Desktops Computers Personal Computer Slim inbuilt UPS Battery,$200.00-$800.00
Ultra thin win10 quad-core gaming laptop 15.6 notebook computer intel core i7 laptop intel i5 laptop pc office home business,$192.00-$430.00
Promotional Portable Win10 MINI Computer Z8350 Quad Core 4GB RAM 64 GB ROM Fanless PC Stick WiFi DDR3 eMMC,$108.01-$110.76
cheap used gaming laptops i7 laptops computer pc laptops used refurbished,$289.00
AIWO Custom High Quality Core I3 I5 I7 I9 Portable Base Adjustable Desk Folding Stand Laptop Computer,$122.10-$251.00
PC all-in-one Intel The Fourth Generation core I5 Industrial Mini Computer,
15.6 inch I3/I5 /I7 CPU rugged laptop CNC al-alloy rugged type chassis military standard indutrial computer,
Topjoy Notebooks 15.6 Inch Netbooks Laptop Portable Computer PC Super Slim Computers I3 I5 I7 Chip Gamming Laptop,
Wholesale 21'' 23.8'' 27'' Core i7 All In One Pc Assembled Desktops Computer,
XINZY aio desktop laptop computer monoblock all in one pc for office desktop all in one computers,$250.00-$380.00
Factory Customized 15.6 Inch Hd Slim Notebook 2gb/6gb/8gb + 32gb/64gb/500gb Hdd Dual Core Wins10 Mini Laptop Computer,$50.00-$200.00
New 23.8 Inch OEM All in One Pc Curved Screen Core I7 4GB 128GB Monoblock Business Desktop All in One Computers,$538.00-$548.00
Full Used notebook computer For MacBook Air D52 13C 512 2017 Core i5,
"high quality 14.1"" notebook laptop computer notebook intel with wifi",
Cheapest Factory 11.6 inch Wins10 Barcode Scanner Rugged Laptop Rugged Notebook Computer 8G + 128G Rugged Notebook,
New Metal case 15.6 inch IPS intel J3455 8GB RAM laptop computer with backlight,
ODM pc 1* HD 1080 desktop wall mounted all in one computer desktop gaming pc,
2020 factory price china 27''/23.8''/22'' curved screen all in one desktops intel i3 i5 i7 AIO pc gaming computer,
"wholesale 31.5"" all in one PC i3 i5 i7 desktop computer hardware monoblock all in one computer",$290.00-$875.00
High quality OEM ordinateur bureau touch screen Core I3 I5 I7 computer barebones AIO PC 27 inch all in one computers for Office,$95.00-$142.00
desktops with software computer hardware pc case desktop all in one pc for office use,
Tempered glass side 2020 best pc case view ATX desktop gaming case for computer gamers,$50.00
Manufacturer Supply Cheap Factory Price Touch Screen Pos Pc System All in One Pos Computers For Sale,
23.8 inch IPS Desktop Gaming All-in-one PC Computer For School and Business,
Directly factory supply gaming 15.6 Inch Core I7 8GB 1TB M.2 SSD Win10 Netbooks Laptop Computer,
EU warehouse Laitnin G3 Ultra Thin 15 6 Inch Mini PC Notebook AMD Ryzen Quad Core 8GB 512GB Win 10 Laptop Computer for Business,
Shenzhen Manufacturer Drop Ship Mini Laptop Computer 2G+32G Best Buy 10.1 Inch Cheap Laptop Computer,$128.00-$139.00
Hot Ultra Thin Laptop Win10 Quad Core Notebook Computer for Office Home Silver Laptop,
Wholesales core I5 I7 Used laptop And renew Refurbished latop Computer From Really Orginal Famous Brand,$182.75-$195.50
best price Dell optiplex desktops 7080 sff Core i7 8GB ram 1TB hard drive desktop computer,
23.8 inch IPS Desktop All in One PC Computer for School Business With 3 Year Warranty AIO DESKTOPS i-mac used computers cpu,
Global Custom 15.6 Inch HD Ultra Thin Notebook 8GB 2.4GHZ Dual Core Wins10 Mini Laptop Computer,
powerful monoblock i9 office tv pc desktop computer i3 i5 all in one pc core i7 23.8 27 inch curved surface For Student company,
Factory price Manufacturer Supplier desktop computer all in one desktop pc Lowest,$500.00-$530.00
15.6 Inch Win 10 laptop J3455 Quad core gaming notebook laptops 8GB RAM 128/256/512GB SSD 1920*1080 fast Laptop Computer,
PC all in one 23.8inch 27 inch desktop computer i7 monoblock gaming all in one computer for gamer,
OEM Silm Notebook Computer 15.6 Inch 1080p Core I7 I5 Portable Computer Business Laptops,
Custom plastic laptop case for macbook 11.6inch laptop gaming with USB 3.0 Port laptop computer,
DIY 18.5-23.6 Inch Computadoras Gamer De Escritorio Desktop Computers Set Gaming Barebone AIO PC all in one computers For Office,
ordinateur portable verified laptop suppliers black friday offers chromebook laptop computer notebook gamer laptops from china,
Laptop Win10 System 4GB/8GB RAM Plastic Cover Computer With Keyboard and Mouse Laptops Computer Core i3 i5 i7,$192.00-$254.00
Ultra Slim 21.5 inch win7 all in one i7 desktop computer,$223.00-$247.00
Wholesale Lenovo Thinkpad cheap 12 inch used core i3 i5 i7 second hand gaming laptop computer in laptops pc,
EGLOBAL core i7 10510U 6500U computador portatil computer mini pc with barebone system,
14.1inch Ultra Slim Gaming Laptop Intel Celeron PC Notebook Computer 1920*800 Business Notebook N1401C,
2022 hot selling cheap branded P24v G4 desktop computer for business gaming office,
14 inch Notebook Computer Win 10 Laptop PC With Chocolate Keyboard Atm Prcessr Z8350 CPU,
New gaming Laptop Computer thin 15.6 Inch PC Notebook Core I5 8GB 128/256GB optional Win10 Best Price for Business,
AWOW 11.6 Inch FHD IPS N4100 Yoga leptop laptop ordinateur portable pc loptop labtop computer laptopp lap top computadora,
The hot-selling Hasee N960K15.6-inch 512GB 1TB game notebook computer i5-11400 latest model,
14 inch Fully Rugged laptop Computer with Fingerprint and RS232 DB95,
aio pc computer curved screen all in one desktop brother pc integrated UHD graphic wireless keyboard computer Core i5 i7,
DELL OptiPlex 5060 Micro Desktop i5/i7 business workstation desktop computer,$500.00
21.5 Inch I5 3427U Touch Screen Desktop Computer Indoor HD 1920*1080 All In One PC Wall Mount Hotel Business Industrial Computer,
Laptops i5 Computer PC Fingerprint Design Gaming Laptop Thin Gaming Internet Office Laptops,
High Quality Core 2 Duo Used desktop pc computer all in one supply,
Qotom Core i5 Desktop Mini PC Dual LAN Portable Desktop Computers,
Factory Direct Sale 14.1'' Portable Notebook Computer Laptops,
15.6 Inch Win 10 10Th Cpu Notebook 8Gb Ram Ddr4 5205U Laptop Computer 128Gb Ssd 1920*1080 Fhd Mini Laptop Computer,
Core i7 1065G7 MX350 MX330 Gaming Business finger print Notebook Computer Laptop with Fingerprint Reader for Gaming and School,
mini pc quad core i5-8250u i3 8130u i7 8550u 4k desktop computer with fan x86 motherboard DDR4 ram slot,
Hot selling MSI GE66 Raider 10SE-669 gaming laptops 15.6 inch FHD 240Hz FHD i7-10870H 16G 1T RTX2060 Super gaming computers,"$1,683.00-$1,688.00"
Original Lenovo Brand Used Laptop Core I3 I5 I7 Laptops X220 12.5 Inch Ssd Hdd 4gb Ram Laptops Computer,
Professional Computer Supplier Desktop Compute Core i3 8G 628G HDD+SSD Desk Top Computer,
Cheap slim laptops 14.1 inch win 10 tablet N3350 RAM4GB/6GB /ROM 64GB notebooks laptop computer,$135.00-$162.00
i9 11900K RTX 3060 Ti Graphics Card 3D Modeling Rendering Video Editing Interior Designer Assembling Desktop Computer Host,
Game Desktop Host Core I5 CPU 8G RAM 120GB 256GB 512GB SSD PC Gaming Desktop Computer,
Wholesale Factory Price computers laptops and desktops Intel WIFI desktop pc computer All In One Desktop Computer for Office,$500.00-$530.00
Suitable for 9480M 14.0 inch notebook computer 4th generation intel core i5 portable light and thin commercial household noteboo,
New Arrivals Sale Desktop Computer Gaming Office PC 2020 Computer,$320.00-$360.00
CHUWI Lowest Cost Wholsale-New Gaming Pantallas-Soporte Hl156c Core I 5 Processor Laptop Gam Hdd Icore3 Computer 1 Piece,
cheap industrial J1900 I3 I5 I7 windowse or lunux computer 10.1 12.1 13.3 15.6 15 17 21.5 24 27 32 inch touch panel pc with vesa,
19inch 21.5inch Office Home Entertainment host portable host AMD 5300 8gb ram SSD120G desktop pc computer,
HLY J1800 Industrial Mini PC Computer Quad Core Linux Pfsense Optional 2*LAN 4*USB 2*RS232 WIFI Barebone Mini Computer,
"2019 New Cheap Laptop Computer 15.6 inch Win 10 Laptops computer ,ultra-thin J3455 with HDD and RJ45 Cheap notebook",$169.00-$269.00
Laptopram 16GB DDR4 RGB Gamer GPU PC Portable Laptop i9 Gamer Notebook i7 Computer 17 Laptop Gamer RTX 3080,
27 inch wall hanging all in one computer best i5 desktop computer for home use cheap all in one tv pc computer with webcam,$546.00-$550.00
Viewnote New high quality high performance Barebones 21.5 23.8inch Computer All in One PC Computer,$110.00-$125.00
wholesale gaming laptops notebooks computer,$100.00-$250.00
Discount! wholesale computer factory 21.5 inch i3 4000M 8gb 240gb computador all in one housing aio desktop computer computer,
Wholesale Used HP Computers Desktop PC 8core Graphics Processor Original Refurbish AIO All-in-one Apple M1 24 Inch iMac Computer,"$1,250.00-$1,550.00"
Best Price New Laptop 15.6 inch 12GB RAM 256GB SSD Intel Celeron J4125 Windows 10 Business Laptop Notebook Computer,
Xingtac 8 inch wide voltage 9-30V DC touch screen fanless all in one car PC industrial monoblock panel computer TPC-8080E,$298.00-$420.00
Custom touch screen i5 CPU networking all in one pc computer,$243.00-$248.00
K Chassis Desktop Computer PC Cabinet Computer Cases & Towers special shaped computer case M-ATX PC Gaming Case,$19.20
Oem Odm Cabinet Cpu Rgb Desktop Computer Case Tower Tempered Glass Window Entry Level Atx Gaming Gamer Pc Computer Cases,$14.50-$16.00
Mini Pc Wifi Router Ram J3455 Quad Core 4GB RAM 64GB Industrial Business desktop computer mini desktop pc cloud computer,$114.00-$146.00
Sale Online Win 10 11 Laptops 12GB Ram with 128GB/256GB SSD Business Laptop J4125 Usada computer hardware,$261.00-$338.00
Wholesale Ultra-small Mini PC CPU Intel Core i7 4500U i5 4200Y i3 4010Y DDR3L Office Mini Computer Desktop Win10 VGA Wifi Pc,$73.82-$250.33
Factory Direct Sale Customized 15.6 Inch Intel quad-core processor lap top Notebook Ultra-thin mini laptop pc computer hardware,$150.00-$315.00
ReachingStar 5 mini pc computer desktop i5 9300H RTL 8822cu mini pc Dual lan 1000M computer 128GB with Fan + heat sink,$157.00-$160.00
"Beelink mini computers SER3 with AMD R-yzen 3 3200U(2C/4T,up to 3.5GHz),Cost-effective MINI PC WOL AUTO POWER ON 4K60HZ",$219.00-$264.00
