Computer_Description,Selling_Price
Shop on eBay,$20.00
Dell Business Desktop Computer 3.1GHz Windows 10 Pro 22in LCD 8GB 1TB HDD Wi-Fi,$139.95 to $280.99
"Dell OR HP Desktop PC Computer Dual C 500GB 4GB DUAL 19"" LCD WiFi Windows 10 Pro",$179.99
"Dell i5 Desktop Computer PC | up to 16GB RAM, 3TB SSD | Windows 10 Pro | WiFi BT",$99.45 to $343.40
"Dell i5 Mini Computer PC | up to 16GB RAM, 1TB SSD | Windows 10 | WiFi Bluetooth",$105.40 to $351.90
HP Desktop Computer Windows 11 16GB 1TB Bluetooth DVD+RW WiFi (FULLY LOADED),$399.00
Fast HP Desktop Computer 3.0GHz 8GB RAM 500GB HD PC Windows 10 WiFi DVD,$129.99
Dell Computer PC Desktop 8GB Ram 500GB HD Intel Quad Core i5 3.10GHz Windows 10 ,$149.99
"Dell i5 Desktop Computer PC | up to 16GB RAM, 3TB SSD | Windows 10 Pro | WiFi BT",$164.90
"Dell i5 Mini Computer PC | up to 16GB RAM, 1TB SSD | Windows 10 | WiFi Bluetooth",$258.40
"Dell Gaming Desktop Computer PC Tower Core i5 16GB 2TB HD/SSD 22"" LCD Windows 10",$184.95
Dell Desktop Computer 500GB HD 8GB RAM Core I3 DVD WiFi Windows 10 PC LCD bundle,$140.00
"Dell Desktop i7 8GB RAM 500GB HDD Intel Computer PC Windows 10 Home 19"" LCD WiFi",$107.99
"HP All In One 23"" Widescreen PC 8GB 2TB Core I5 Desktop Computer Webcam Win 10",$286.00
"HP i7 Desktop Computer PC | up to 32GB RAM, 3TB SSD | Windows 10 or 11 | WiFi BT",$177.65
"HP i5 Desktop Computer PC | up to 16GB RAM, 3TB SSD | 22"" LCD Windows 11 or 10",$177.65
Clearance HP Desktop Computer 16GB RAM 2TB HDD 250GB SSD WiFi Windows 10 Pro PC,$99.00 to $290.00
"Dell Gaming Desktop Computer PC Tower Core i5 16GB 2TB HD/SSD 22"" LCD Windows 10",$184.95 to $359.95
Dell Desktop Computer 500GB HD 8GB RAM Core I3 DVD WiFi Windows 10 PC LCD bundle,$140.00
Dell Optiplex 7010 Business Desktop Computer 16GB RAM 2TB HDD USB 3.0 Win 10 Pro,$219.99
DELL Optiplex Desktop Computer i7-8700 Up to 32GB DDR4 1TB NVMe M.2 SSD Win10Pro,$210.56 to $740.99
HP Computer Desktop Windows 11 8GB 1TB Bluetooth DVD+RW WiFi HDMI (FULLY LOADED),$349.00
"HP i5 Desktop Computer PC | up to 16GB RAM, 3TB SSD | 22"" LCD Windows 11 or 10",$135.15 to $470.90
"Dell Desktop i7 8GB RAM 500GB HDD Intel Computer PC Windows 10 Home 19"" LCD WiFi",$107.99
"Dell i5 Desktop Computer PC | up to 16GB RAM, 3TB SSD | Windows 7 or 10 | WiFi",$99.45 to $343.40
HP Desktop Computer WINDOWS 11 32GB 1TB Bluetooth WiFi DVD+RW (FULLY LOADED),$499.00
"HP All In One 23"" Computer Core I5 8GB RAM 256GB 1TB 2TB SSD or HDD Windows 10",$270.00 to $319.00
"Dell Desktop Computers Intel Core i3 16GB 2TB HD 512GB SSD Windows 10 PC 22"" LCD",$149.00 to $329.00
"HP OR DELL Desktop PC 8GB 500GB HDD 19"" LCD Monitor WiFi Windows 10 Warranty",$139.99
Lenovo Desktop All In One Computer PC Intel i3-6100 8GB Ram 256GB SSD Win 10 Pro,$299.99
Dell Inspiron 3252 Desktop Computer 4GB 500GB DVDRW WiFi BT Windows 10 PC,$99.99
HP ELITE Desktop Computer Dual Core 8GB RAM 500GB HD PC Windows 10 WiFi,$119.99
"HP or Dell Desktop Computer 16GB 2TB 512GB SSD Core i5 Windows 10 PC 24"" 22"" LCD",$144.99 to $409.99
Custom Dell Desktop Computer up to 16GB 2TB HDD | 512 SSD CORE I3 Win10 Pro LCD,$115.00 to $260.00
"HP All In One 23"" Widescreen PC 8GB 2TB Core I5 Desktop Computer Webcam Win 10",$286.00
HP Desktop i7 Computer PC Intel Core 16GB RAM 500GB HDD Windows 10 Home Wi-Fi,$131.23
New ListingBrand New Raspberry Pi 4 Model B 2GB RAM Computer Confirmed Order,$109.99
Discount Dell Optiplex PC Desktop Computer Intel I5 up to 16GB RAM 500GB SSD Win,$99.99 to $299.99
"Dell Desktop Computer Core i5 8GB RAM 1TB HD Windows 10 PC 19"" LCD Monitor WIFI",$139.99
"Dell Desktop Computer 16GB 2TB, 512GB SSD Wi-Fi Core i5 Windows 10 PC New 24""LCD",$177.99 to $412.99
"Fast Dell Desktop Core i5 Computer 8GB RAM 500GB HD Windows 10 Home PC 19"" LCD",$133.91
Custom Gaming Desktop PC RGB Tempered Glass Intel i7 Quad 8GB 1TB Nvidia K620 2G,$389.00
"HP i7 Desktop Computer PC | up to 32GB RAM, 3TB SSD | Windows 10 or 11 | WiFi BT",$177.65 to $534.65
"FAST Dell Windows 10 Desktop Computer Core 2 Duo 4GB Ram DVD WiFi 19"" LCD",$117.00
"HP 22 21.5"" (1TB, AMD Ryzen 3, 8GB) All-In-One Computer (br)",$450.00
Fast Dell Slim Tower Computer PC Intel Core 2 Duo 4GB RAM 250GB HD Windows 10,$93.00
HP - Dell Desktop PC Computer Dual Core 8GB RAM DUAL 19 LCDs 1TB WiFi Windows 10,$224.99
"Dell OptiPlex Desktop Computer 4GB 500GB Core 2 Duo Windows 10 PC 17"" LCD WIFI",$149.95
Periphio Portal Gaming PC Desktop Computer Custom Tower Intel i5 16GB RAM Nvidia,$524.99
HP ProDesk 600 G1 Mini Desktop Computer Quad Core i5 16GB New 1TB SSD Win10 Pro,$199.99
"HP Computer with 24"" Monitor WIN11 8GB 1TB Bluetooth WiFi DVD+RW (FULLY LOADED)",$479.00
Dell Desktop Computer I7 3770 3.4ghz Quad Core SSD + 500GB HD 16GB RAM Win10 SFF,$279.95
"Gaming PC RGB Desktop Computer AMD Ryzen 5, GTX 1060, 16GB, 240GB SSD, 2TB WiFi",$799.99
Dell Optiplex 9020 SFF PC Core i7 4th Gen 16GB RAM 256GB SSD Hard Drive Win 10,$225.00
"DELL Desktop Computer 16GB 2TB 480GB SSD Quad Core i5 Windows 11 Pro PC 22"" LCD",$154.95 to $327.95
Windows 11 Pro Mini PC Intel J4125 Quad Core 2.7GHz 8GB RAM DDR4 128GB SSD GK3V,$179.95
"Custom Dell Desktop Computer 16GB 2TB 512 SSD Core I5 Windows 10 PC 19"" 22"" LCD",$145.00 to $350.00
"HP Computer TOUCHSCREEN All in One 24"" WIN 11 16GB 256GB WEBCAM (FULLY LOADED)",$659.00
Dell Optiplex 7050 Tower Computer i7-7700 3.6Ghz 8GB Ram 256GB HD WIN 10,$330.00
"Dell or hp Desktop PC Computer Core 16GB DUAL 22"" LCD Monitor SSD/HDD Win 10 Pro",$279.99
Dell i5 Desktop Tower Computer Windows 10 PC Intel Core 8GB RAM 1TB HD Wi-Fi,$114.99
"HP Desktop Computer‡πê¬ü¬ö‡∏â32GB 2TB SSD Quad Core i7 ‡πê¬ü¬ö‡∏âWin 10 Pro PC 24"" Dual LCD WIFI",$289.43 to $732.97
"HP desktop computer 19"" LCD Windows 7 Dual Core 3.6GHz 250GB Wi-Fi 4GB Desktop",$119.99
"Dell LCD Desktop Computer PC 8GB RAM 1TB Dual 20"" Monitor Windows 10 Home WiFi",$94.99
Dell Core i5 Desktop Computer 16GB RAM 2TB 512GB SSD 22in LCD Windows 10 Pro PC,$109.95 to $393.69
Dell i5 Desktop 16GB RAM 500GB HD Intel Computer PC Windows 10 Professional WiFi,$109.99
"Dell i5 6500 Desktop Computer PC | up to 32GB RAM, 3TB SSD | Windows 11 or 10",$177.65 to $534.65
Dell 9020 i5 Gaming Computer PC 16GB 1TB 256GB M.2SSD AMD RX 550 4GB WiFi Win 10,$219.99 to $419.99
New ListingHP i7 Desktop SSD Intel Quad Core 16GB RAM 512GB SSD Computer Windows 10 Pro PC ,$204.99
HP Desktop i7 Computer PC Intel Core Desktop 8GB RAM 1TB HDD Windows 10 Pro WiFi,$114.99
Custom Desktop Gaming Capable Dell Computer Up to 16gb Ram 500gb Ssd 2gb I5 PC,$190.99 to $588.99
Dell Latitude Business Laptop Core i5 16GB Ram 256GB SSD Windows 10 Pro WiFi,$249.95
Dell Gaming PC Xeon Computer Nvidia GT 1030 16GB 500GB 128GB SSD Windows 10 Pro,$275.95
Windows 11 Pro Dell OptiPlex Dual Core 1TB 8GB RAM WiFi BT Desktop Computer PC,$180.99
Dell i5 Desktop Computer PC 7010 WiFi/HDMI/up to 32GB RAM 3TB HDD SSD/Windows 10,$99.00 to $350.00
Periphio Portal Gaming PC Desktop Computer Custom Tower Intel i5 16GB RAM SSD HD,$369.99
HP Gaming Desktop Computer 16GB RAM 1TB HDD Nvidia GT1030 Windows 10 Core I5 PC,$350.00
New ListingHP 800 G3 ELITEDESK SFF PC COMPUTER i5-6500 3.2Ghz 8GB RAM tested!,$124.99
New ListingLenovo Thinkcentre M73 Tiny Computer i5-4590T 4GB Ram 500GB HDD Win 10 Pro,$50.00
Dell Optiplex 7060 SFF Desktop 6-Core i7-8700 3.2GHz 16GB DDR4 512GB M.2 SSD W10,$529.00
Win 10 Pro Dell Gaming PC Computer i5 3.4ghz 8GB 16GB 1000GB HDD GTX 1650 ,$119.99 to $382.99
Dell i5 Desktop Computer PC 7040 WiFi/HDMI/up to 32GB RAM 3TB HDD SSD/Windows 11,$150.00 to $530.00
"HP Desktop Computer ProDesk Windows 10 PC 16GB 500GB HDD NEW SSD Dual LCD 22""",$155.96 to $240.00
HP Desktop Computer Windows 11 8GB 1TB Bluetooth WiFi DVD+RW HDMI (FULLY LOADED),$349.00
Shop on eBay,$20.00
Dell i5 Desktop Computer PC Intel Core 8GB RAM 128GB SSD Windows 10 Pro Wi-Fi,$99.99
"HP Desktop Computer PC Intel Core 2 Duo 4GB HD Windows 10 w/ 19"" LCD WIFI",$125.99
HP Desktop i7 Computer PC Intel Quad Core 8GB RAM 128GB SSD Windows 10 Pro Wi-Fi,$119.99
"HP Windows 10 Desktop Computer PC Intel Core i5 8GB RAM 256GB SSD 19"" LCD Wi-Fi",$119.99
"Alarco Gaming PC Desktop Computer Intel i5 ,8G,1Tb,Win10,WIFI,NVIDIA GTX 650 1GB",$449.00
Intel NUC NUC6i3SYK 64GB 4GB RAM Mini computer,$100.00
Dell i7 Desktop Computer PC 7010 WiFi/HDMI/up to 32GB RAM 3TB HDD SSD/Windows 10,$170.00 to $670.00
HP Desktop 16GB RAM 128GB SSD Windows 10 Computer Tower PC Intel Core Wi-Fi,$134.99
New ListingDell 9020 Tower Computer i3 3.9Ghz 8GB 1TB HDD DVD-RW WiFi Windows 10 Home,$198.50
"Dell Desktop Computer QUAD CORE i5 WINDOWS 11 Pro PC 16GB 2TB 480GB SSD 22""LCD",$139.72 to $399.84
HP EliteDesk 800 G2 Desktop Mini PC Computer Barebones 35W NO CPU/RAM/HDD/AC,$30.00
"Gaming HP Desktop SFF Computer i5 PC 16GB 1TB AMD RX 550 4GB 24"" LCD Wi-Fi Win10",$227.99 to $473.99
"Desktop Computer PC Windows XP PRO SP3 32bit,Serial 9PIN & Parallel Port 2GB RAM",$89.99
"HP Elite 6005 Desktop Computer PC 3GHz 8GB RAM 250GB HDD Windows 10 17"" Monitor ",$112.99
HP Desktop Computer PC | i7-6700 | 32GB RAM | 1TB SSD + 3TB HDD | Windows 11 Pro,$569.49
Desktop Computer PC Windows 7 Full Size Tower or SFF w/ DVDRW 4GB Ram 250GB HDD,$69.99
"Dell Desktop i7 Computer Windows 10 Pro PC 16GB RAM 256GB SSD 19"" LCD Wi-Fi",$144.99 to $357.49
Dell Desktop Tower Computer PC i7 4th Gen 3.9Ghz 16GB RAM 2TB HDD DVD WiFi Win10,$279.99 to $339.99
FAST Custom Lenovo PC i7 | Windows 10 PRO | 1TB SSD 16GB RAM | Mini Desktop PC,$209.99 to $549.99
Lenovo ThinkCentre M600 Tiny Mini PC Desktop Computer Intel Pentium Win10 Pro,$126.99 to $264.99
‚≠êÔ∏è Raspberry Pi 4 Model B 2GB RAM Computer - New / Sealed ‚≠êÔ∏è,$129.98
Lenovo PC up to Intel I7 16GB RAM 500GB SSD Win 10 ThinkCentre Desktop Computer,$149.99 to $369.99
WINDOWS 11 PC Dell Core i5 3.20GHz Desktop Computer PC HDMI DP VGA WiFi ,$209.99 to $360.99
New ListingDell 9020 Tower Computer i3 3.9Ghz 16GB 1TB HDD DVD-RW WiFi Windows 10 Home,$246.99
Dell Precision 3420 Desktop Intel Core i5 16gb Ram 500gb SSD Windows 10 Pro WiFi,$299.99
Windows XP Desktop computer CPU Dell Optiplex 4GB ram 250GB Fast Duo Core 32 bit,$118.89
Dell Desktop Computer PC | Intel i5 Quad Core | 16GB RAM | 3TB HDD | Windows 10,$229.49
"HP Desktop Intel Core i3 Computer 8GB RAM 500GB HD Windows 10 PC 19"" LCD WIFI",$189.95
HP Desktop Computer FAST Core 2 Duo 2.66 4GB RAM 160GB DVD WiFi Windows 10 64bit,$109.95
"DELL OPTIPLEX COMPUTER SFF I5 6TH GEN 16GB 2TB 2 X 22"" WIDE LCD WIN 10 PRO WIFI",$177.00 to $589.00
"HP Desktop 16GB RAM Windows 10 Home PC Intel i3 Computer 256GB SSD 22"" LCD Wi-Fi",$135.95
Windows PC Dell Pro Tower Desktop Computer Core 2 Duo Up to 8GB 1TB HD 22in LCD,$99.95 to $239.95
HP DC6000 COMPUTER DUAL CORE 2.8GHZ 250GB 2GB WINDOWS XP FREE SHIP! M6000-XP2,$64.99
Dell Desktop computer PC  **  WIFI **  755 780 2.93GHz 250GB windows xp 32 bit,$119.89
Dell Core I5 HDMI WiFI 4GB 250GB Windows 10 Desktop Computer 1 Year Warranty,$126.00
"Dell SFF Desktop Computer PC Core i3 4GB Ram 500GB 19"" LCD Wi-Fi Speakers Win 10",$209.99
Dell OptiPlex 9020 SFF PC Intel Core i5 4590 8GB 500GB HDD Win 10 Pro- Good,$149.99
"HP 22"" Full-HD TOUCHSCREEN AMD 3.50GHz 1TB HDD 8GB Ram DVD+R All-in-One Computer",$444.22
HP Prodesk Computer Desktop up to Intel i7 16GB RAM 500GB SSD Windows 10 Pro PC,$149.99 to $579.99
HP Gaming Computer PC 16GB 2TB 512GB SSD Nvidia GT1030 Graphics Win 10 Desktop,$279.00 to $409.00
HP J5N50UT Chromebox 4GB RAM 16GB Intel Celeron 2955U Mini PC Desktop Computer,$69.99
New ListingHP Pavilion Desktop 590-p0066 i5-8400 2.80GHz 12GB RAM 1TB HDD Win11P,$299.99
Dell Gaming Desktop Computer Nvidia GT 1030 16GB 1TB 512Gb SSD Windows 10 PC,$269.00 to $399.00
New ListingDell Optiplex 3070 i5-8500T 8GB 256GB SSD Wifi + Bluetooth. Antenna included. ,$239.99
New ListingDell 9020 Tower Computer i7 3.9Ghz 4GB 500GB HDD DVD-RW WiFi Windows 10 Home,$190.50
Gaming PC Desktop Computer RGB i7 Intel 2TB HDD 16GB RAM GTX 1060 Nvidia,$729.99
"Dell Gaming Tower Computer MT Nvidia GT 730 4GB, i5, WiFi, 16GB 128GB SSD + 2TB",$319.99
Dell Desktop i7 Computer PC SFF Intel Core 8GB RAM 1TB HD Windows 10 Home Wi-Fi,$159.99
New ListingDell OptiPlex 9010 Computer Core i5 3470 3.2GHz 8GB RAM 256 GB SSD PC,$65.00
New ListingDell 9020 Tower Computer i7 3.9Ghz 16GB 500GB HDD DVD-RW WiFi Windows 10 Home,$260.95
"HP Pro Computer Desktop PC Core i5 3.2GHz 8GB 1TB New 22"" LCD WiFi Windows10 Pro",$339.99
Dell i7 Desktop Computer PC 7040 WiFi/HDMI/up to 32GB RAM 3TB HDD SSD/Windows 11,$270.00 to $650.00
HP All in One Computer 24 WINDOWS 11 16GB 512GB Bluetooth WEBCAM (FULLY LOADED),$659.00
New ListingDell Precision 3420 Desktop Intel Core i5 16gb Ram 250gb M.2 SSD Win 10 Pro WiFi,$299.99
HP All-in-One Computer 22‚Äù Full-HD Display Intel 3.20GHz 4GB 256GB SSD Drive BT,$377.44
"HP Desktop i7 Computer PC Intel Core 8GB RAM 500GB HDD 19"" LCD Windows 10 Wi-Fi",$134.99
Dell Computer PC Desktop 8GB Ram 500GB HD Intel Quad Core i5 3.10GHz Windows 10 ,$149.99
New ListingHP Pavilion P6-2136 Desktop Computer 2.2GHz 6GB RAM 500GB HDD Windows 10 Home,$65.00
Dell PC i5 Desktop Computer Tower 3.20GHz 8GB RAM 1TB HD Windows 10 Pro Wi-Fi,$134.99
Dell XPS 8940 i7-11700 16Gb RAM 512GB SSD+1TB HDD WiFi (Integrated Graphics),$689.00
AMD Quad Core 4GB DVDRW Windows XP PC Computer 32 bit w/Parallel Serial PCI,$399.99
Dell Windows 10 Desktop Computer PC Intel Quad-Core i5 8GB RAM 256GB SSD WiFi BT,$134.99
Skytech Archangel Gaming PC Computer Intel Core i5 10400F 2.9 GHz RTX 3060,"$1,099.99"
New ListingDell OptiPlex 3040 SFF PC Intel i5-6500 3.20GHz 8GB 500GB NO/OS Computer Desktop,$149.99
Dell OptiPlex 7040M Micro Form Factor Tower 2.5GHz Core i5 8GB RAM No HD SSD,$139.99
"Windows 11  Desktop Computer, Dell 7010 PC i5 3.4GHz, 8GB RAM, 500GB, Wi-Fi, GPU",$159.00
HP Desktop Computer WINDOWS 11 PRO 32GB 1TB Bluetooth WiFi DVD+RW (FULLY LOADED),$549.00
Intel STCK1A8LFC 8GB PC Compute Stick with Linux,$20.00
Dell Quad Core i7 Optiplex 7010 Fast Desktop Computer PC Gaming Workstation,$289.95 to $669.95
FIT PC2 Micro Tiny Windows 10 Streaming Desktop PC Computer HDMI WIFI SD 32G SSD,$69.99
Windows 11 Dell OptiPlex Tower Dual core SSD 8GB RAM WiFi BT Desktop Computer PC,$210.99
New ListingDell 390 Desktop 16GB 2TB Core i5 Computer PC WiFi DVD Windows 10 12 Month Warr,$199.00
"Dell Computer & 22"" LCD bundle Core i5 8GB 500GB WiFi Windows 10 Desktop PC",$205.00
Dell Windows 10 Pro Desktop Computer PC Quad Core i5 DVD WiFi 16GB RAM 1 TB HD,$195.00
Desktop Computer PC Windows XP PRO SP3 32bit RS232 Serial Parallel DVDROM 9PIN,$49.99 to $89.99
Shop on eBay,$20.00
"Dell 390 Desktop Computer Core i3 Windows 10 PC 8GB 250GB HD Wi-Fi DVD 17"" LCD ",$144.95
"HP Desktop Computer Intel Core 2 Duo 8GB 250GB HD 17"" LCD DVD WIFI Windows 10 PC",$129.95
WIN11 Pro - Dell Optiplex 7040 Micro i5-6500T 2.50GHz 8GB 128GB SSD WIFI,$184.99
"HP Desktop Computer PC 16GB 2TB 512GB SSD Wifi Core i5 Windows 10 PC 24"" 22"" LCD",$177.99 to $409.99
Desktop computer Dell Optiplex 755 / 780 Duo Core 4GB RAM 250GB Windows 7 32bit,$97.99
New ListingDell Desktop Computer PC | Intel i5 Quad Core | 4GB RAM |1 TB HDD | Windows 10,$169.99
Dell Optiplex 9020 Tower PC Core i7-4770 32GB RAM 1TB SSD Windows 10 Pro Wifi BT,$412.99
New ListingDell Optiplex 990 Tower i5-2400 3.10GHz 8GB RAM 1TB HDD Windows 10 Pro q,$64.99
New ListingHP i7 Desktop SSD Computer PC Intel Core 8GB RAM 256GB SSD Windows 10 Home Wi-Fi,$154.99
"Dell Desktop Computer QUAD CORE i5 16GB RAM 2TB 512GB SSD WINDOWS 10 PC 24"" LCD",$160.99 to $360.99
HP M01 DESKTOP INTEL QUAD CORE i3-10100 4.3GHz  8GB 1TB 7200RPM DVDRW,$269.99
Dell Optiplex 7050 SFF i5-7500 3.40GHz 8GB RAM 256GB SSD Windows 10 Pro,$206.79
HP S01 SLIM DESKTOP PC INTEL CORE i5-10400 4.3GHZ 16GB 1TB 7200RPM HD DVDRW,$399.99
Zotac Mini PC AMD FX-7600P 2.7GHZ 4GB RAM NO HDD GS-B280-0001,$64.99
Dell i5 Desktop 8GB RAM 500GB HD PC Intel Core Computer Windows 10 Home Wi-Fi,$109.99
CHUWI LarkBox Smallest 4K Mini PC Windows 10 Desktop Intel J4115 Computer 6+128G,$163.29
New ListingDell 9020 Tower Computer i7 3.9Ghz 4GB 1TB HDD DVD-RW WiFi Windows 10 Home,$210.50
New ListingDell 9020 Tower Computer i7 3.9Ghz 16GB 1TB HDD DVD-RW WiFi Windows 10 Home,$287.50
New ListingDell 390 Computer i5 16GB 512GB SSD Dvd Windows 10 PRO Desktop 12 mo Warranty,$239.00
Dell Optiplex 3010 SFF i5-3470 3.20GHz Business Desktop Computer Windows 10 PC,$124.99 to $199.99
10-Core Gaming Computer Desktop PC Tower SSD Quad 32GB R7 Graphic CUSTOM BUILT,$549.99
Dell Optiplex 960 FAST XP Desktop computer Intel duo core  2.90GHz WINDOWS XP,$126.76
"New ListingDell Core i7 3.4Ghz 16GB RAM, 500GB SSD, 4TB HDD  AMD Radeon R9 360  Win 10 Pro ",$449.00
Dell Inspiron 3891 Desktop i5-11400 12GB RAM 256GB SSD+1TB HDD DVD-RW WiFi,$449.00
Lenovo Gaming Computer Nvidia GT1030 HDMI Windows 10 Core I5 Desktop PC Custom,$295.00 to $445.00
Lenovo ThinkCentre M900 Tiny PC Core i5 6500T 8GB RAM 256GB SSD Win10 Desktop,$188.00
New ListingDell Optiplex 7050 Micro PC Core I5-6500T 2.50GHz 8GB RAM 120GB SSD Win 10 Pro,$125.00
"hp Desktop Computer 16GB 2TB 512GB SSD Wifi Core i5 Windows 10 PC 24"" 22"" LCD",$144.99 to $409.99
Dell 390 Computer i5 16GB 512GB SSD Dvd Windows 10 Desktop WiFi 12 mo Warranty,$225.00
Dell Windows 10 Desktop Computer Intel Core 2 Duo 4GB 250GB HD WIFI 19in LCD DVD,$125.95
Dell Precision T3600 | Xeon E5-1650 3.2GHz | 16GB | GPU | 128GB SSD | Win 10 Pro,$179.99
"Dual Screen Dell Computers Core 2 Duo 4GB 500GB DUAL 19"" LCD Monitor Windows 10",$209.00
Fast Dell TOWER Desktop Computer Core 2 Duo 4GB 250GB HDD Windows 7 pro 32bit,$95.00
Dell OptiPlex 3020 Computer i3-4130 3.4Ghz 4GB 500GB Windows 10 USB 3.0 B3020-1,$79.99
HP J5N50UT Chromebox 4GB RAM 16GB Intel Celeron 2955U Mini Desktop Computer,$27.99
New ListingINTEL HADES CANYON 1TB SSD 32GB RAM NUC8i7HVK i7-8809G MINI PC VR WIN 10 PRO,$825.00
New Listingdesktop computers i5 windows 10,$130.00
HP Pro 6300 Computer Dual Core 2.8Ghz 4GB 250GB USB 3.0 Windows 10 M6300-9,$65.99
"Dell OptiPlex 7040 SFF Desktop, i5 6500, 8GB RAM, 256GB SSD, Win10",$174.99
Dell Desktop i7 SSD + 1TB HD + 16GB Ram + Wifi + Windows 10 Pro + Free Warranty,$304.95
"Dell Latitude E6540 Gaming Laptop Core i5 15.6"" 16GB Ram 512GB SSD Win 10 Pro",$449.99
New ListingIntel NUC Micro PC NUC7i5BNK i5-7260U 8GB RAM 128GB M.2 (NO OS),$199.99
New ListingDell OptiPlex 3050 SFF PC Intel i5-7500 3.40GHz 8GB 500GB NO/OS Computer Desktop,$174.99
New ListingRaspberry Pi 4 Model B 2GB RAM Computer - New / Sealed,$114.99
"New ListingDell OptiPlex 9010 SFF PC Computer, Intel Core i7-4790 3.60GHz, 8GB",$59.99
Intel i5 Custom Gaming PC Desktop Computer 16GB SSD 500GB GeForce GT 1030 HDMI,$548.68
Dell Inspiron Desktop 3891 i5-11400 12GB RAM 256GB SSD + 1TB HDD Win 11 Home,$399.00
Fast Dell Computer Tower Windows 7 Pro 32bit Intel core 2 Duo 3.07GHz 4GB 500GB,$120.00
New ListingUp to 8GB / 256GB SSD - Lenovo ThinkCentre M72e Tiny Intel Core i5 2.90~3.60GHz,$118.00
"Dell Desktop Computer PC Intel Core i3 8GB 250GB HD 19"" LCD DVD Windows 10 WIFI",$75.95
Lenovo Mini PC Tiny Desktop i7 / i5 Customize 32GB RAM 2TB SSD WIFI Win10 Pro,$190.00 to $759.96
"New ListingDell computer, Core TM i5",$130.00
Xtra-PC Pro 64,$49.99
New ListingIntel NUC7JY NUC Kit - 8 Gb Memory | No SSD,$175.88
New ListingDell Inspiron 3275  all in one   WIndows 10 pro AMD E2 7th Gen.,$93.00
Dell Optiplex 9010/7010 MT Intel i5-3470 3.2GHz 8GB RAM 256GB SSD Windows 10 PRO,$139.99
New ListingDell Desktop Computer PC | Core 2 duo | 4GB RAM | 500GB HDD | Windows 10,$145.50
Dell Desktop Computer PC Core i5 3.2GHz 8GB RAM 240GB SSD WiFi DVD Windows 10 HD,$170.99
HP Desktop Computer 3.16GHz 4GB DVDRW Parallel Port Win XP Pro 32bit,$109.00
Optiplex Dell 3.0GHz Tower 8GB 256GB Wifi Windows 10 Computer Monitor Combo,$154.99 to $199.99
New ListingDeLL Optiplex 9020M Micro Core i5-4590T 2.0GHz 8GB RAM 500GB HDD Win 10 Pro,$90.00
Dell Desktop Computer OptiPlex Core 2 Duo 4GB RAM 250GB HDD Windows 10 PC WIFI,$79.95
"New ListingGaming Pc Desktop Computer SSD+HDD, 32GB RAM, Wi-Fi Stream PC 8 C0RE READ ENZOW",$619.99
iNTEL Gaming PC Desktop Computer 3GB GTX 1060 Fast 4-Core 2TB HDD 16GB Ram ,$749.99
"HP Pavilion TG01 (512GB ,Intel Core I5-10400F 2.90GHz, 12GB RAM)...",$250.00
Custom Lenovo M910 Core i7 6700 up to 4.0GHz ThinkCentre Desktop Computer Win10,$359.99 to $449.99
"LG Chromebase 21.5""¬† HD All-In-One, Intel Celeron 2955U. 4GB RAM",$99.99
"Custom Dell Computer Intel i5 CPU Quad Core Windows 10 PC HDD SSD WiFi 22"" LCDs",$132.97 to $435.94
New Listinggaming computer desktop,"$1,500.00"
Dell Optiplex 9010/7010 MT Intel i7-3770 3.4GHz 16GB RAM 512GB SSD Win 10 Pro,$224.99
Dell i5 Desktop Computer PC 7020 WiFi/HDMI/up to 32GB RAM 3TB HDD SSD/Windows 10,$110.00 to $420.00
Dell Desktop i3 SSD Computer PC Intel Core 8GB RAM 256GB SSD Windows 10 Pro WiFi,$69.99
Dell Computer Intel Core i3 3.6 Ghz 8 GB Ram 1024 GB HDD Windows 10 Home 64-bit,$222.72
Dell Intel I7 Optiplex 7010 Computer Desktop Windows PC 16GB RAM 500GB SSD WiFi,$299.99
HP Desktop Computer Tower PC Core i5 8GB 1TB Windows 10 Pro Dual 22 LCD Mon WiFi,$279.95
Shop on eBay,$20.00
"New ListingHP Desktop i7 Computer Intel Core 8GB RAM 500GB HDD 22"" LCD Monitor Windows 10",$164.99
Dell Desktop Computer Precision T3420 16GB 256GB SSD Windows 10 Pro PC WIFI HDMI,$125.95
"hp Desktop PC Computer Core i5 Quad 8GB DUAL 22"" LCD Monitor WIFI Windows 10 Pro",$249.99
Dell Optiplex 9020 Tower PC Core i7 4TH Gen 16GB RAM 256GB SSD Hard Drive Win 10,$250.00
New ListingHP All-in-One 21-b0525t PC 10 Gen Core i3 8GB RAM 256GB SSD Windows 10 Computer¬†,$299.99
New ListingDell OptiPlex 3050M D10U002 i5-7500T 2.70Ghz 8GB Ram Mini Desktop (NO HDD/OS),$9.99
Dell XPS 8940 i7-11700 16GB RAM 512GB SSD Integrated Graphics WiFi Black,$649.00
HP Desktop M01-F0 AMD Ryzen 3 3200G 3.6GHz 8GB RAM 1TB HDD Windows 10,$279.99
New ListingDell 8940 XPS Desktop i7-10700 2.9GHz 32GB 512GB SSD+1TB HDD Windows 10 Home*,$102.50
New ListingDell Optiplex 3050 Micro PC Core i5-7500T 8GB RAM 256GB SSD. POWER CORD INCLUDED,$100.00
Acer Aspire TC Desktop Intel Core i5-10400 2.9GHz 8GB Ram 1TB HDD Win 10 Home,$349.99
New ListingHP Pavilion TG01 Desktop PC Ryzen 5 4600G 4.2Ghz 12GB 512GB SSD *W11 Eligible*,$449.39
New ListingDell OptiPlex 960 Desktop Computer Core 2 3.00GHz 4GB 250GB HDD,$94.99
Dell Optiplex 9010 Tower PC Core i7 3rd Gen 16GB RAM 256 SSD Hard Drive Win 10,$220.00
CHUWI Mini Desktop Computer PC Intel N4500|8GB RAM |256GB SSD | Windows 10 WiFi,$188.99
CHUWI HeroBox Windows 10 MINI PC Intel J4125 8GB DDR4 256G SSD Dual WiFi,$174.79
üî•Raspberry Pi 4 Model B 2GB RAM - BRAND NEW IN BOX (unopened) üî•,$122.50
Intel NUC D54250WYKH Computer i5 4250U 8GB RAM 250 GB  Includes AC Adapter,$140.00
New ListingDell OptiPlex 9020M Micro Desktop Core i7-4785T 2.20GHz 8GB RAM 256GB HDD Used,$139.99
Custom Bundle HP 6305 Pro Desktop Computer 8GB 1TB HD 128GB SSD Windows 10 WIFI,$85.95 to $179.95
New ListingDesktop Computer - Intel Core i5-3470 CPU - 8GB RAM - 110 GB HDD,$200.00
"New ListingHP Prodesk 600 G1 Mini PC, I3-4160T 4GB, Charging Cable, Working just needs SSD",$70.00
New ListingDell 9020 Tower Computer i7 3.9Ghz 16GB 2TB HDD DVD-RW WiFi Windows 10 Home,$320.95
New ListingDell 9020 Tower Computer i7 3.9Ghz 8GB 500GB HDD DVD-RW WiFi Windows 10 Home,$216.99
New ListingDell Optiplex 390 i5 16GB Ram 500GB Windows 10 Professional PC Desktop Computer,$195.00
Dell Optiplex 9020 Micro WiFi i5-4590T 2.00GHz Desktop Computer Windows 10 PC.,$194.99 to $339.99
"Work from home Computer HP 8200 USFF Mini Desktop i5, 4GB, 500GB WiFi Win10 Home",$194.99
HP ProDesk Desktop Computer Intel Core i3-4130 8GB 500GB HD Windows 10 Home PC,$99.95
Dell Computer PC Core i5 8GB 16GB | 500GB 1TB SSD WiFi Windows 10 Professional,$145.00 to $265.00
Dell Desktop i5 Computer PC Intel 3.20GHz 8GB RAM 500GB HD Windows 10 Home WIFI,$119.98
HP Desktop Computer PC AMD Dual Core Windows 10 Home 8GB 250GB HD Keyboard/Mouse,$75.99
HP Core i5 Gaming Computer 16GB 2TB Nvidia GT1030 Graphics  Windows 10 Desktop,$356.00
New ListingLenovo M72 I3-3220T 2.80GHZ Business Desktop PC Computer 16GB 512GB SSD WIn 10 ,$95.00 to $200.00
"HP Desktop Tower Computer PC Core 2 Duo 4GB Ram 500GB 19"" LCD WiFi Windows 10 PC",$193.50
Dell Optiplex 7010 USFF i3-3220 3.30GHz Business Desktop Computer Windows 10 PC,$94.99 to $234.99
Dell Inspiron 3891 Desktop i5-11400 12GB 1TB HDD + 256GB SSD i3891-5012BLK-PUS,$499.66
Dell XPS 8940 i7-11700 32Gb RAM 512GB SSD+1TB HDD WiFi (Integrated Graphics),$799.00
HP Pavilion 290-p0043W Slimline Desktop - Intel CPU - 4 GB - 500GB - Windows 10,$119.99
"Lenovo IdeaCentre AIO 3 AMD Desktop, 21.5"" FHD IPS Touch  250 nits",$429.99
"Hp Desktop Computer 16GB 2TB 512GB SSD Wifi Core i5 Windows 10 PC 22"" LCD ",$242.50
"Dell Desktop Computer QUAD CORE i5 WINDOWS 11 Pro 16GB 2TB 480GB SSD 22"" MONITOR",$149.00 to $450.00
"New ListingRaspberry Pi 4 Model B, Quad Core 1.5 GHz, 8GB RAM NEW",$210.00
New ListingDell Optiplex 3050 Micro MFF Core i5-6500T 2.5GHz 8GB 500GB Ssd Win 10 WiFi,$229.00
Dell Optiplex 7050 SFF i5-6500 3.20GHz Business Desktop Computer Windows 10 PC,$164.99 to $429.99
Home Office Computer,$225.00
Dell Optiplex 7050 Mini Desktop Computer i7-6700T 32GB DDR4 New 2TB NVMe M.2 SSD,$259.99 to $769.99
New ListingDell Optiplex 3050 Micro|i3-6100t|250GB NVMe M.2 + 500GB HDD|16GB Ram|Win 11 Pro,$199.99
"New ListingNEW desktop computer  ACER ASPIRE DESKTOP XC-1660G-UW93, i5, 8GB DDR4, 512GB SSD",$449.00
Dell XPS 8940 i7-11700 32Gb RAM 512GB SSD+1TB HDD WiFi (Integrated Graphics),$719.00
Dell Optiplex XE3 MT Computer i5-8500 16GB DDR4 256GB SSD+3TB DVD Win10 WIFI,$399.88
New ListingHP ELITEDESK 800 G4 INTEL i7-8700  16GB RAM 512 SSD WIN 10 PRO,$450.00
"HP Computer All in One 24"" WINDOWS 11 16GB 1TB Bluetooth WEBCAM (FULLY LOADED)",$659.00
i7 GAMING DESKTOP PC i7 UPTO 3.8 GHZ SSD + 1TB HDD 16GB RAM GTX 1060 WIFI WIN10 ,$695.00 to $718.00
Custom Build HP Desktop i5 16GB | 2TB | K+M | Windows 11 Display Port WiFi BT PC,$95.76 to $337.97
Dell OptiPlex 3010 Computer i3-3240 3.4Ghz 4GB 250GB HDMI Win 10 DVD M3010-1,$69.99
Dell Optiplex 5040 SFF Computer i5-6500 3.2GHz 8GB Ram 128 GB SSD NO OS,$175.00
Lenovo M73 SFF i5-4570 3.20GHz Desktop Computer PC HDMI DP VGA WiFi BT Win10,$169.99 to $355.99
New ListingDell OptiPlex 3040 MT Intel i5-6500 3.20GHz 8GB 500GB NO/OS PC Computer Desktop,$139.99
New ListingDell Precision T1500 Computer Intel Core i5-750 @ 2.66Ghz 4GB 250GB  Windows 10,$74.99
New ListingCustomizable High-end Gaming Computer / GTX 980 / i5-8400 / 32gb RAM / Win10Pro,$9.99
"HP EliteDesk 800 G3 SFF / Intel i7-6700 ,8GB RAM, No HDD",$180.00
desktop computers,$385.00
New ListingHP EliteDesk 800 G1 SFF PC Intel i7-4790 3.6GHz 16GB 256GB SSD Win10 PRO Desktop,$249.95
Fast Dell Desktop Computer PC intel Quad Core i5 3.1Ghz 8GB 500GB HDD Windows 10,$140.00
"DELL PRECISION T3500 Xeon 2.8GHz Computer w/ 12GB RAM, 500GB HDD, WINDOWS 10 PRO",$129.00
New ListingLot Of 4 Lenovo m700 tiny Computers Core i5 6th Gen 2.5Ghz 8GB 128GB SSD Win10,$600.00
Lenovo ThinkCentre M73 Mini PC Intel Core i3-4130T 4GB RAM 128GB SSD Win 10 pro,$87.00
New ListingChuwi Desktop i5 Computer Windows 10 PC 16GB RAM New 512GB SSD with Dual WIFI,$369.99
HP SFF 600 G1 ProDesk Desktop Computer i3 3.60GHz 8GB 256GB Windows 10 PC Home ,$89.99
New ListingDell Desktop Computer Intel Quad Core i5 3.10GHz 8GB RAM 500GB HD Windows 10 PC,$199.99
WINDOWS 11 PC Dell 3040 Desktop Computer PC DVD 8/16GB i5-6500 SSD OFFICE 2021,$249.99 to $339.99
New ListingDell Optiplex 7020 sff Core i5-4590 3.30GHz 8GB RAM 500GB HDD Win 10 Pro 64bit  ,$55.00
Dell OptiPlex 7040M Micro Desktop Tower 2.5GHz Core i5 8GB RAM No HD SSD w/Power,$159.99
Dell Precision T1700 SFF i5-4590 Windows 10 Pro Desktop PC 120GB SSD 8GB Wi-Fi,$99.00
Dell Optiplex 7010 SFF I7-3770 500GB HDD 8GB RAM WIN10 Pro ,$135.00
