name,price
Shop on eBay,20.00
MSI Gaming GeForce RTX 3050 8GB GDRR6 128-Bit Graphics Card RTX 3050 Gaming X8G,399.00
MSI Gaming AMD Radeon RX 6600 128-bit 8GB GDDR6 Graphics Card RX6600MECH2X8G,389.00
ZOTAC Gaming GeForce RTX 3050 Twin Edge OC Graphics Card 8GB GDDR6 ,399.95
NEW EVGA GeForce RTX 2060 XC 12GB GDDR6 Graphics Card 12G-P4-2263-KR NEW MODEL,488.99
MSI NVIDIA GeForce GTX 1060 6GB GDDR5 PCI Express Graphics Card,209.99
EVGA GeForce RTX 3070 XC3 Graphics Card 8gb GDDR6,265.00
EVGA GeForce GTX 1660 Super 6GB SC Ultra Gaming 06G-P4-1068-KR Graphics Card GPU,389.99
Zotac Geforce GTX 1050 Ti 4GB Graphics Card,149.00
Dell GeForce GTX 745 4GB DDR3 HDMI TC2P0 Graphics/Video card,42.00
XFX AMD RADEON RX 590 FATBOY 8GB GDDR5 GRAPHICS CARD,200.00
MSI GeForce GTX 1650 D6 VENTUS XS OC 4GB GDDR6 Graphics Card BRAND NEW SEALED,199.99
Gigabyte Aorus GeForce GTX 1080Ti Xtreme Edition 11G Graphics Card GPU,305.00
EVGA GeForce GTX 1070 SC 8GB GDDR5 Graphics Card (08G-P4-6173-KR),300.00
"NVIDIA GeForce RTX 3060 Ti, Non-LHR, Founders Edition 8GB GDDR6 Graphics Card",874.50
NVIDIA GeForce RTX 3060 Ti Founders Edition 8GB Graphics Card FREE FEDEX 2-DAY!,949.00
AMD Radeon RX 6700 XT 12GB GDDR6 Graphics Card **IN HAND READY TO SHIP**,649.99
*NON-LHR* GIGABYTE GeForce RTX 3070 GAMING OC 8GB GDDR6 Graphics Card,794.95
GIGABYTE NVIDIA GeForce RTX 2070 SUPER 8GB GDDR6 Graphics Card,372.00
EVGA GeForce GTX 1080 TI SC2 Gaming 11GB GDDR5X Graphics Card (11GP46593KR),102.50
NVIDIA QUADRO P2000 5GB Graphics Card,192.00
EVGA NVIDIA GeForce GTX 1060 SC ACX 2.0 3GB GPU Video Graphics Card,169.00
Gigabyte 2060 Graphics Card,150.00
"Zotac GeForce GTX 1070 Ti 8GB Mini Graphics Card | Fast Ship, Cleaned, Tested!",349.97
"Asus Radeon Strix R9 390 8GB Graphics Card | Fast Ship, Gift Quality!",209.97
ASUS GeForce GTX 1660 Super TUF Gaming Overclocked OC 6GB Graphics Card NEW,399.99
MSI GeForce RTX 3060 Ti VENTUS 2X 12G OC DDR6 Gaming Graphics Card (LHR),360.00
DELL Alienware MSI NVIDIA GeForce GTX 1080 - 8GB GDDR5X Graphics Video Card,300.00
New SEALED NVIDIA GeForce RTX 3060 Ti Founders Edition 8GB GDDR6 Graphics Card,929.99
Dell OEM AMD Radeon R5 340X 2GB DisplayPort DVI PCIe Video Graphics Card 0X0CVJ,23.99
"Sapphire AMD Radeon R9 270X, 4GB 256BIT GDDR5, Dual-X, PCI Express Graphics Card",119.00
AMD Radeon RX 6800 16GB GDDR6 Graphics Card *READY TO SHIP*,799.00
NV!DIA Qu@dro P620 Graphics Card READ,124.99
AMD Radeon VII 16GB Graphics Card GPU,860.00
MSI Radeon RX 480 ARMOR OC 4GB GDDR5 Graphics Card,150.00
Dell NVIDIA Quadro K2200 4GB GDDR5 PCI-E Video Graphics Card 0XFDRD,20.50
EVGA GeForce RTX 3080 FTW3 ULTRA 10GB GDDR6X Graphics Card NEW (10G-P5-3897-KL),780.00
AMD Radeon PRO WX 2100 2GB Workstation Graphics Card,63.06
GIGABYTE NVIDIA GeForce GTX 1080 8GB GDDR5X Graphics Card (06G-P4-2066-KR),250.00
EVGA GeForce GTX 980 Ti Hybrid 6GB Gaming Graphic Card,274.99
XFX AMD Radeon RX 570 8GB GDDR5 Graphics Card (RX570P8DFD6),265.00
PNY NVIDIA RTX A2000 6GB GDDR6 Graphics Card,799.00
NVIDIA GeForce RTX 2060 SUPER FE 8GB Founders Edition Gaming Graphics Card,425.00
GIGABYTE AORUS GeForce RTX 3060 ELITE 12GB GDDR6 Graphics Card,300.00
Gigabyte AMD Radeon RX 6900 XT Graphics Card,820.00
AMD Radeon RX480 8GB Graphics Card,249.99
MSI GeForce RTX 3060 VENTUS 3X OC 12GB GDDR6 Graphics Card,720.00
NVIDIA GeForce RTX 2070 FE 8GB Founders Edition Gaming Graphics Card,395.00
GIGABYTE GeForce GTX 1050 Ti 4GB GDDR5 Graphics Card (GVN105TG1),75.00
NVIDIA GeForce RTX 3090 Founders Edition 24GB GDDR6 Graphics Card,"1,900.00"
SAPPHIRE Pulse AMD Radeon RX 580 8GB GDDR5 Graphics Card,11.50
EVGA GeForce GTX 760 2GB Displayport HDMI 2x DVI PCI-e x16 Video Graphics Card,68.95
AMD Radeon RX 6700 XT 12GB GDDR6 Graphics Card,560.00
NVIDIA GeForce RTX 3090 Founders Edition 24GB GDDR6 Graphics Card *FedEx 2 Day*,"2,095.00"
EVGA GTX 1050 SC 2GB Graphics Card GPU,51.00
PowerColor AMD Radeon RX Vega 56 8GB HBM2 Graphics Card,462.99
AMD Radeon RX 6800 16GB GDDR6 Graphics Card Free Shipping,796.00
NVIDIA GeForce RTX 3070 Founders Edition 8GB GDDR6 Graphics Card - NON LHR âœ…,685.00
MSI Radeon RX 480 Graphics Card,200.00
GIGABYTE GeForce GTX 1660 SUPER OC GDDR6 Graphics Card - 6GB,241.00
PNY NVIDIA Quadro P4000 8GB GDDR5 Graphics Card VCQP4000,600.00
ASUS TUF Gaming GeForce RTX 3070 Ti OC 8GB GDDR6X Graphics Card  - 1 Month Old,795.00
MSI Radeon Armor RX 580 4GB GDDR5 Graphics Card (RX 580 ARMOR 4G OC),179.00
NVIDIA GeForce RTX 3070 Founders Edition 8GB GDDR6 Graphics Card - Dark...,975.00
ASUS ROG Strix Geforce GTX 1070 Ti 8GB GDDR5 Gaming Graphics Card,325.00
GIGABYTE NVIDIA GeForce GTX 970 4GB GDDR5 Graphics Card (GV-N970G1 GAMING-4GD),165.00
MSI RTX 3070 VENTUS 2X 8G OC LHR Gaming Graphics Card 8GB - Free Shipping,699.00
Nvidia GeForce GTX 690 4GB GDDR5 PCIe Video Graphics Card,150.00
HP AMD Radeon RX 460 2GB GDDR5 Video Graphics Card 910486-001,75.00
MSI GeForce GTX 970 4GB GDDR5 Graphics Card (GTX 970 GAMING 4G),139.00
XFX AMD RX-580 8GB GDDR5 Graphics Card,199.99
Dual Gigabyte GV-R577UD-1GD AMD Radeon 5770 HD 1GB GDDR5 128-bit Graphics Cards,20.00
EVGA GeForce GTX 1060 6GB DDR5 Graphics CardÂ ,225.00
ASUS ROG Strix GeForce RTX 3070 8GB GDDR6 Graphics Card Non-lhr,721.00
EVGA RTX 2080 TI Hybrid 11GB GDDR6 Graphics Card - (11G-P4-2384-KR),815.00
Used EVGA - NVIDIA GeForce GTX 1060 SSC Gaming 6GB GDDR5 Graphics Card,230.00
Shop on eBay,20.00
MSI NVIDIA GeForce GTX 1070 8GB GDDR5 Graphics Card (GTX1070GAMINGX8G),255.00
AMD Radeon RX 6800 16GB GDDR6 Reference Graphics Card *Repasted*,800.00
DELL AMD Radeon R7 450 4 GB GDDR5 2*Display Port Graphics Card 0TDMFC TDMFC,59.99
EVGA NVIDIA GeForce RTX 3060 Ti XC 8GB LHR Graphics Card - NEWâœ…,649.99
graphics card,55.00
AMD Radeon RX 6800 XT 16GB GDDR6 Reference Graphics Card,800.00
NVIDIA GeForce RTX 3070 Ti Founders Edition 8GB GDDR6X Graphics CardÂ ,589.00
AMD FirePro W2100 Professional Graphics Video Card 2GB PCIe Dual DisplayPort,19.99
MSI Geforce RTX 3060 12GB Ventus 2X OC GDDR6 Video Graphics Card GPU,539.99
MSI NVIDIA GeForce RTX 2060 Ventus XS 6G OC | 6GB GDDR6 Graphics Card,379.99
EVGA NVIDIA RTX 2060 Graphic Card - 12 GB GDDR6,469.99
MSI GeForce GTX 1660 Super Ventus XS 6GB GDDR6 Graphics Card (G166SVXSC),234.00
MSI Radeon RX 570 Gaming X 4GB Graphics Card,179.00
ASUS NVIDIA GeForce RTX 3070 8GB Graphics Card(KORTX3070O8GGAMING) NON LHR,899.99
SAPPHIRE Pulse Radeon RX 580 8GB GDDR5 Graphics Card,375.00
EVGA 04G-P4-6255-KR GeForce GTX 1050 TI SSC Gaming 4GB GDDR5 Graphics Card,167.00
NVIDIA GeForce GT630 2GB Video Graphics Card DisplayPort DVI PClex16 684455-001,34.99
EVGA GeForce GTX 1660 6GB GDDR5 Gaming Graphics Card,53.00
DELL NVIDIA Quadro P5000 16GB GDDR5x Graphics Card,800.00
NVIDIA GeForce RTX 3070 Founders Edition 8GB GDDR6 Graphics Card - Dark...,510.00
GIGABYTE Radeon RX 580 Gaming 8GB GDDR5 Graphics Card (GV-RX580GAMING-8GD),52.00
PNY XLR8 NVIDIA GTX 960 2048MB 2GB GRAPHICS CARD,99.00
EVGA GeForce GTX 1060 3GB GDDR5 Graphics Card (03G-P4-6162-KR),150.00
NVIDIA GeForce GTX 1080 Founders Edition PC Graphics Card,379.00
Gigabyte GeForce GTX 1050 OC 2G Graphics Card,48.00
"Brand New AMD Radeon RX 6800 16GB GDDR6 Graphics Card, Free 2-Day Ship",799.99
Asus GeForce RTX 3060 OC Edition ROG STRIX Gaming Graphics Card 12GB GDDR6,405.00
XFX Radeon RX-Cyberb 4GB Video Graphics Card,105.50
ASUS Phoenix NVIDIA GeForce GTX 1650 OC Edition 4GB GDDR6 Graphics Card,250.00
GRAPHICS CARD - GIGABYTE GEFORCE GV-N640OC-2GI 2gb ,49.99
EVGA GeForce RTX 3070 FTW3 ULTRA 8GB GDDR6 Graphics Card LHR Non Ti,749.99
EVGA NVIDIA GeForce GTX 960 4GB GDDR5 Graphics Card (04G-P4-1962-KR),129.99
ASUS ROG Strix NVIDIA GeForce RTX 3070 Gaming Graphics Card Non-LHR,"1,050.00"
EVGA GeForce GTX 650 1GB GDDR5 ( 01G-P4-2652-KR ) Graphics Card,47.49
NVIDIA GeForce RTX 3070 Founders Edition 8GB GDDR6 Graphics Card - In hand!,974.99
ASUS Republic of Gamers Strix GeForce GTX 1080 Graphics Card ,349.99
Dell AMD Radeon RX 550 4GB PCIe Graphics Video Card NDRG5,97.99
Gigabyte Geforce GT 2GB 1030 DDR5 - Graphics Card,86.00
EVGA GeForce GTX 780 Ti Graphics Card 3GB,150.00
EVGA GeForce RTX 3060 Ti FTW3 Ultra 8GB GDDR6 Graphics Card SEALED B-Stock LHR,699.99
AMD Radeon RX 570 1060 8GB GDDR5 Graphics Card (JKJ0D),299.99
GIGABYTE GeForce RTX 2080 Super GAMING OC 8GB GDDR6 Graphics Card,445.00
HP AMD Radeon RX 460 2GB GPU VRAM Graphics Card PC Gaming,84.97
NVIDIA GeForce RTX 3070 Founders Edition 8GB GDDR6 Graphics Card - NON LHR âœ…,560.00
EVGA GeForce GTX 980 Ti GAMING ACX 2.0+ 6GB GDDR5 Graphics Card (06G-P4-4991-RX),275.00
EVGA GeForce RTX 3060Ti FTW3 ULTRA GAMING 8GB GDDR6 Graphics Card 08G-P5-3667-KL,650.00
ASUS Dual GeForce RTX 3060 OC V2 12GB GDDR6 GPU Video Graphics Card,599.99
ASRock Phantom Gaming X Radeon VII 16G Graphics Card,900.00
MSI Radeon RX 5700 XT EVOKE OC GDDR6 Graphics Card - 8GB,343.00
EVGA GEFORCE GTX 1080 FTW Hybrid Gaming Graphics Cards (08G-P4-6288-KR),234.00
ZOTAC GAMING GeForce RTX 3070 Ti Trinity OC 8GB GDDR6X Graphics Card,380.00
6600 graphics card,336.00
EVGA GeForce RTX 3060 XC GAMING 12GB GDDR6 Graphics Card (12G-P5-3657-KR),380.00
NVIDIA GeForce GTX 1070 8GB GDDR5 Graphics Card (9001G4112520000),142.50
EVGA GeForce GTX 1060 6GB DDR5 Graphics Card (06GP46161KR),200.00
GIGABYTE NVIDIA GeForce GTX 1070 8 GB GDDR5 Graphics Card (GV-N1070WF2OC-8GD),265.00
Nvidia Quadro P2000 Graphics Card 5GB GDDR5 1024 CUDA Cores Pascal GPU 4x DP 1.4,295.00
GIGABYTE AORUS GeForce RTX 3060 ELITE 12GB GDDR6 Graphics CardÂ ,515.00
ASUS Phoenix GeForce GTX 1650 OC Edition Graphics Card Ships Tomorrow,209.99
nvidia geforce rtx 3060 ti graphics card,335.00
ASUS ROG GeForce RTX 3060 OC 12GB GDDR6 FHR/Non-LHR Graphics Card,599.99
EVGA NVIDIA GeForce RTX 3050 XC 8GB GDDR6 Graphics Card (08G-P5-3553-KR),300.00
XFX Radeon RX 560 Graphics Card 4gb,100.00
SAPPHIRE Pulse Radeon RX 580 8GB GDDR5 Graphics Card,20.50
Dell Nvidia Quadro P2000 5GB GDDR5 DPx4 Video Graphics Card 87CG5 087CG5,345.00
ASUS ROG Strix NVIDIA GeForce RTX 3080 12GB GDDR6 Graphics Card (RTX3080TI-O12G),850.00
AMD Radeon RX 6700 XT 12GB GDDR6 Graphics Card,479.00
ðŸ’¥ðŸ”¥ AMD Radeon RX 6700 XT 12GB GDDR6 Graphics Card *IN HAND READY TO SHIP* ðŸ’¥ðŸ”¥,600.00
Dell GeForce GT 1030 2GB GDDR5 HIGH Profile Graphics Card GT1030DE 7HNWN,94.90
EVGA GeForce GTX 780 Ti Graphics Card,95.00
Radeon Pro WX 4100 Graphics Card,165.00
ZOTAC GeForce GT 1030 2GB GDDR5 Graphics Card ,80.00
EVGA NVIDIA GeForce GTX 1070 FTW Gaming 8GB GDDR5 Graphics Card (08G-P4-6276-KR),200.00
EVGA NVIDIA GeForce RTX 3090 24GB GDDR6 Graphics Card (24GP53987KR),"1,800.00"
nVIDIA Tesla P4 GPU 8GB GDDR5 Supermicro 900-2G414-6300 Server Graphics Card,249.99
Shop on eBay,20.00
EVGA NVIDIA GeForce RTX 3090 24GB GDDR6 Graphics Card (24GP53987KR),"1,800.00"
nVIDIA Tesla P4 GPU 8GB GDDR5 Supermicro 900-2G414-6300 Server Graphics Card,249.99
EVGA Nvidia GeForce GTX Titan X 12GB Graphics Card 12G-P4-2990-KR,389.00
ðŸ”¥ EVGA GeForce GTX 1650 SC Ultra GAMING B-Stock Graphics Card ðŸšš Free Shipping,219.99
Lot of 2 Nvidia Quadro M2000 4GB GDDR5 single slot graphics cards 844223-001,268.88
AMD Radeon VII  16GB Graphics Card,"1,025.00"
MSI Radeon R7 250 2GB OC GDDR3 Video Graphics Card GPU V301 ,39.99
ASUS DUAL GeForce RTX 3070 OC 8GB GDDR6 V1 Non-LHR Graphics Card,915.00
ASUS GeForce GTX 1660 SUPER OC 6GB GDDR6 TUF-GTX1660S-O6G-GAMING Graphics Card  ,251.00
New in Box - SAPPHIRE PULSE AMD Radeon RX 6600 XT GDDR6 8GB Graphics Card,629.99
MSI GTX 1070 Ti 8GB graphics card,194.50
ZOTAC GeForce GTX 1070 Mini 8GB GDDR5 Graphics Card (ZT-P10700G-10M),277.00
EVGA GeForce RTX 3060 XC BLACK GAMING 12GB GDDR6 Graphics Card - MINT,525.00
MSI GeForce GTX 1650 SUPER GAMING X 4GB GDDR6 Graphics Card,260.00
ZOTAC GeForce GTX 980 Ti AMP Extreme Edition 6GB GDDR5 Graphics Card...,350.00
XFX RADEON HD 4850 625M GRAPHICS VIDEO CARD 1GB DDR3 GPU PCI-E HDMI VGA DVI,28.95
NVIDIA GeForce RTX 3070 Ti Founders Edition 8GB GDDR6X Graphics Card,580.00
AMD Radeon RX 6700 XT 12GB GDDR6 Graphics Card Brand New,327.00
PNY GeForce GTX 1080 8GB GDDR5X Video Graphics Card GPU,399.00
GIGABYTE NVIDIA GeForce GTX 1060 (3 GB) GDDR5 Graphics Card (GV-N1060IXOC-3GD),66.00
SAPPHIRE AMD Radeon RX 570 4GB GDDR5 Graphics Card,190.00
Zotac GeForce GTX 1060 6GB AMP! Edition Graphics Card *FREE SHIP*,215.00
NVIDIA Quadro P4000 8GB GDDR5 Graphics Card (699-5G410-0501-210),350.00
Dell 3YK2Y AMD Radeon Pro WX 5100 8GB GDDR5 Graphics Card,102.50
MSI GeForce GTX 1060 6GB GDDR5 Graphics Card (GTX1060GAMINGX6G),260.00
ASUS Phoenix GeForce RTX 3060 V2 Gaming Graphics Card 12GB GDDR6 ,619.98
Gigabyte GeForce GT 1030 OC 2G Video Graphics Card GV-N1030OC-2GI - FOR PARTS,49.99
MSI GeForce GTX 1650 VENTUS XS OC 4GB GDDR5 Graphics Card,210.00
Evga GeForce GTX 570 HD 1280MB PCI-E Graphics Card- 012-P3-1571-B6,49.99
MSI Radeon RX 6900 XT GAMING X TRIO 16GB GDDR6 Graphics Card,"1,300.00"
Brand new open box NVIDIA RTX A2000 12GB GRAPHICS CARD PNY VCNRTXA200012GB-BLK,859.00
LOT OF 10 PNY NVIDIA GEFORCE 210 PLUS DDR2 1GB GRAPHICS CARDS LP DVI HDMI VGA,109.00
PowerColor Red Dragon AMD Radeon RX 6800 16GB GDDR6 Graphics Card,650.00
SAPPHIRE Pulse AMD Radeon RX 580 8GB GDDR5 Graphics Card,20.50
ASUS ROG Strix NVIDIA GeForce RTX 3080Ti 12GB GDDR6 Graphics Card,"1,250.00"
Gigabyte GeForce GTX 1080 Windforce OC Graphics Card 8GB,146.50
GIGABYTE GeForce GT 1030 2GB GDDR5 Graphics Card (GVN1030SL2GL) Low Profile,46.00
graphics cards,75.00
AMD Radeon Instinct MI60 32GB HBM2 Graphics Accelerator Mining Card 80MH @ 160W,"1,299.99"
SAPPHIRE Pulse Radeon RX5700 XT 8GB GDDR6 Graphics Card ,961.00
XFX AMD Radeon RX 590 8GB GDDR5 Graphics Card (RX-590P8DLD6),275.00
Dell Nvidia Quadro M2000 4GB GDDR5 Graphics Card,124.95
MSI Radeon RX 6800 XT GAMING X TRIO 16G GDDR6 Graphics CardÂ ,950.00
AMD Radeon VII  16GB Graphics Card,"1,200.00"
XFX AMD Radeon RX 550 4GB GDDR5 Core Edition Graphics Card,46.00
GIGABYTE GeForce GTX 1650 4GB GDDR5 OC Low Profile 4G Graphics Card...,176.51
AMD Radeon RX460 2GB GDDR5 Video Graphic Card PC Gaming | HP 910486-002 ,74.79
"ASUS ROG Strix NVIDIA GeForce RTX 3060 Ti V2, 8GB GDDR6 Gaming Graphics Card LHR",475.00
AMD Radeon Pro WX 5100 8gb 256-bit Gddr5 Workstation Graphics Card,199.00
NVIDIA GeForce GTX 1080 Founders Edition 8GB GDDR5X Graphics Card,345.00
XFX Speedster SWFT 210 AMD Radeon RX 6600 XT GDDR6 8GB Graphics Card,310.00
EVGA Geforce GTX 1050 (02G-P4-6150-KR) 2GB Graphics Card,20.45
ASUS Phoenix NVIDIA GeForce GTX 1050 Ti 4GB GDDR5 Gaming Graphics Card,165.99
EVGA GeForce RTX 3060 Ti XC GAMING 8GB GDDR6 Graphics Card (08G-P5-3663-KL),385.00
GIGABYTE NVIDIA GeForce RTX 3060 GAMING OC 12GB GDDR6 Graphics Card,329.00
PNY NVIDIA GeForce GTX 1060 6GB Graphics Card,229.00
GIGABYTE GeForce GTX 1050 TI Windforce 2x OC 4GB GDDR5 Graphics Card,170.00
GIGABYTE NVIDIA GeForce GTX 1070 G1 8GB GDDR5 Graphics Card,325.00
ASUS ROG Strix Gaming Radeon RX 5700 XT OC 8GB GDDR6 Graphics Card...,600.00
Gigabyte GeForce GTX 1080 Windforce OC Graphics Card 8GB,172.50
GIGABYTE Windforce 2x GeForce RTX 2070 8GB GDDR6 Graphics Card ,484.99
Selling 3 PowerColor Red Devil Radeon RX 480 8GB GDDR5 Graphics Card,510.00
GIGABYTE AORUS GeForce RTX 2070 SUPER GDDR6 Graphics Card - 8GB,414.00
EVGA GeForce GTX 1070 8GB GDDR5 Graphics Card (08GP45173KR),191.00
NEW PNY NVIDIA Quadro RTX A6000 48GB GDDR6 Graphics Card VCNRTXA6000-PB,"2,000.00"
Gigabyte GeForce GTX 1650 OC Low Profile 4G NVIDIA 4 GB GDDR5 Graphics Card,284.66
Dell OEM AMD Radeon R5 340X 2GB DisplayPort DVI PCIe Video Graphics Card 0X0CVJ,23.99
NVIDIA GeForce RTX 3070 Founders Edition 8GB GDDR6 Graphics Card - NON LHR âœ…,720.00
SAPPHIRE Pulse Radeon RX 580 8GB GDDR5 Graphics Card,132.50
ASUS GeForce GTX 1080 Ti 11GB GDDR5X Graphics Card,102.50
NVIDIA GeForce RTX 2060 SUPER 8GB Founders Edition Graphics Card,300.00
DELL OEM NVIDIA  RTX 3060 Ti (non-LHR) 8GB GDDR 6 Graphics Card (Samsung Memory),839.00
AMD Radeon RX Vega 64 16GB HBM2 Graphics Card (100506061),700.00
Shop on eBay,20.00
EVGA GeForce RTX 3090 KINGPIN HYBRID 24GB GDDR6X Graphics Card,"1,482.00"
PowerColor 6900 XT 16GB GDDR6 Graphics Card ( RX 6900XT),"1,100.00"
AMD Radeon RX 6700 XT 12GB GDDR6 Graphics Card,590.00
AMD Radeon Vega 64 Frontier Edition 16GB HBM2 Graphics Card,540.00
NVIDIA GeForce RTX 3080 Ti Founders Edition 12GB Graphics Card New Free Shipping,"1,599.00"
MSI GeForce GTX 1650 Super 4GB GDDR6 Graphics Card (G165SVXSC),20.50
MSI GeForce RTX 3060 VENTUS 2X 12G OC DDR6 Gaming Graphics Card LHR - QUICK SHIP,544.99
EVGA GeForce RTX 3060 Ti XC GAMING 8GB GDDR6 Graphics Card (08G-P5-3663-KL),699.00
NVIDIA GeForce RTX 3060 Ti Founders Edition 8GB GDDR6 Graphics Card NEW SEALED,899.99
XFX AMD Radeon VII 16GB HBM2 Graphics Card (RXVEGMA3FD6),910.00
EVGA NVIDIA GTX 980 Ti 6GB Classified Graphics Card GPU 06G-P4-4997-KR ACX 2.0,249.95
MSI GTX 980 Gaming 4G Graphics Video Card,127.50
GIGABYTE GeForce GTX 1650 4GB GDDR5 OC Low Profile 4G Graphics Card...,180.00
Zotac Gaming Geforce GTX 1070 AMP! Edition 8GB Graphics Card (288-1N435-100Z8),200.00
GIGABYTE NVIDIA GeForce GTX 1070 G1 8GB GDDR5 Graphics Card - Lightly Used!,325.00
MSI GeForce GT740 2GB Graphics Card Tested Working,44.00
MSI Radeon RX 580 ARMOR 8G OC 8GB GDDR5 Graphics Card,175.00
Radeon 9800 Pro Graphics Card,59.00
NVIDIA GEFORCE RTX 3080 TI FOUNDERS EDITION FE 12GB GDDR6X Graphics Card,979.00
MSI GeForce RTX 3080 GAMING Z Trio LHR 10GB GDDR6X Graphics Card,850.00
NVIDIA Quadro P2000 5GB GDDR5 4-Port DisplayPort Graphics Card HP,220.50
HP NVIDIA RTX 3090 24GB GDDR6X Graphics Card (M24410-001) READ DESCRIPTION!!!,246.50
NVIDIA TESLA M40 12GB GDDR5 PCI-E 3.0X16 GPU CARD,149.00
MSI GeForce GTX 960 2GB GDDR5 Graphics Card (GTX960),44.98
NVIDIA Quadro P4000 8GB GDDR5 Graphics Card (699-5G410-0501-210),285.56
AMD Radeon RX 6700 XT 12GB GDDR6 Graphics Card,560.00
NVIDIA Quadro P5000 16GB GDDR5x Graphics Card 8K ready,510.00
MSI RTX 3060 VENTUS 2X OC 8GB GDDR6 Graphics Card,550.00
MSI AMD Radeon RX 570 4GB GDDR5 Graphics Card,98.00
PowerColor Red Devil AMD Radeon RX 6900 XT Ultimate 16GB GDDR6 Graphics Card,800.00
EVGA GeForce GTX 1070 GAMING 8GB GDDR5 Graphics Card (08G-P4-5170-KR),185.00
AMD FirePro W5100 4GB GDDR5 Graphics Card (W1500),47.00
NVIDIA  GeForce GTX 980 Gaming 4GB GDDR5 PCI Express 3.0 Graphics Card,179.99
GIGABYTE NVIDIA GeForce GTX 1660 OC Edition 6GB GDDR5 Graphics Card,190.00
EVGA GeForce RTX 3060 Ti XC GAMING 8GB GDDR6 Graphics Card (08G-P5-3663-KL),440.00
NVIDIA QUADRO P4000 8GB GDDR5 Graphics Card,599.00
NVIDIA QUADRO RTX 4000 8GB GDDR6 Turing Workstation Graphics Card,208.50
LENOVO NVIDIA RTX A4000 16GB GDDR6 Graphics Card,"1,100.00"
Dell Nvidia Geforce GTX 645DE 1GB GDDR5 Graphics Card 0X1F5R,37.99
NVIDIA Quadro K1200 4GB GDDR5 Graphics Card GPU 4x Mini DisplayPort,70.00
,132.50
XFX Radeon RX6900 XT Speedster MERC319 Black 16GB GDDR6 Graphics Card,710.00
USED EVGA GeForce GTX 1080 8GB GDDR5X Graphics Card (08G-P4-6583-KR),365.99
EVGA GeForce GTX 980 SC GAMING 4GB GDDR5 GPU Graphics Card,61.00
gtx 1650 graphics card,135.00
MSI GeForce GTX 1650 4GT LP OC 4GB GDDR5 Graphics Card (V809-3250R),125.99
GIGABYTE GeForce GTX 1650 4GB GDDR5 OC 4G Graphics Card...REV 1.0,117.50
EVGA 08G-P4-6181-KR GeForce GTX 1080 GAMING 8GB GDDR5X Graphics Card,227.00
"MSI GeForce GTX 1660 SUPER VENTUS XS OC Graphics Card, PCI-E x16",399.99
ASUS Phoenix GeForce RTX 3060 V2 Gaming Graphics Card 12GB GDDR6 Windows11 Ready,519.00
EVGA GeForce GTX 1070 SC GAMING 8GB GDDR5 Graphics Card (08G-P4-6173-KR),192.00
PNY Quadro P1000 4GB GDDR5 Graphics Card,241.00
EVGA Geforce GTX 1080Ti 11GB Founders Edition Gaming Video Card Graphics GPU,499.99
EVGA GeForce GTX 1070 TI SC GDDR5 8GB Gaming Graphics Card GPU,250.00
,227.50
ZOTAC GeForce GTX 1650 4GB GDDR6 Graphics Card (ZTT16520F10L),61.00
Nvidia GeForce GTX 1660 SUPER Graphics Card 6GB ,300.00
GIGABYTE GeForce GT 1030 2GB DDR4 Graphics Card (GV-N1030D4-2GL) Low Profile,110.00
MSI NVIDIA GeForce RTX 3060 Ti Ventus 2X OC 8GB GDDR6 LHR - Graphics Card,671.99
ASUS TUF GAMING RADEON RX 6700 XT OC EDITION 12GB GRAPHICS CARD GPU,451.00
 AMD FirePro W7000 4GB GDDR5 PCIe x4 DisplayPort Graphics Card,105.00
XFX AMD Radeon R7750 Ghost Edition 1GB GDDR5 PCIe Video Graphics Card GPU,59.99
ASUS DUAL GeForce RTX 3070 OC 8GB GDDR6 Graphics Card NON-LHR FREE SHIP,899.99
